jurisdiction,authority,source,primary_url,verified_date
UAE,UAE Government,Steps to start a business on the mainland,https://u.ae/en/information-and-services/business/doing-business-on-the-mainland/steps-to-start-a-business-on-the-mainland,2026-09-25
Singapore,ACRA,Registering a business,https://www.acra.gov.sg/register/business/,2026-09-25
Singapore,ACRA,Choosing and reserving a business name,https://www.acra.gov.sg/register/business/choosing-reserving-a-business-name/,2026-09-25
Singapore,ACRA,Registering a local company via Bizfile,https://www.acra.gov.sg/register/business/registering-different-business-structures/local-company/registering-via-bizfile/,2026-09-25
Singapore,ACRA,After registering your business,https://www.acra.gov.sg/register/business/after-registering/,2026-09-25
Hong Kong,Companies Registry,How to register a new company,https://www.cr.gov.hk/en/services/register-company.htm,2026-09-25
Hong Kong,Companies Registry,Local company incorporation FAQ,https://www.cr.gov.hk/en/faq/local-company/incorporation.htm,2026-09-25
UK,GOV.UK / Companies House,Register your company,https://www.gov.uk/limited-company-formation/register-your-company,2026-09-25
UK,GOV.UK / Companies House,Private limited company formation,https://www.gov.uk/limited-company-formation,2026-09-25
USA,U.S. Small Business Administration,Launch your business,https://www.sba.gov/counseling/launch-your-business/,2026-09-25
USA,U.S. Small Business Administration,Choose a business structure,https://www.sba.gov/business-guide/launch-your-business/choose-business-structure,2026-09-25
Malaysia,SSM,Starting a company,https://www.ssm.com.my/Pages/Register_Business_Company_LLP/Company/Starting_Company.aspx,2026-09-25
Malaysia,SSM,Submitting incorporation particulars,https://www.ssm.com.my/Pages/Register_Business_Company_LLP/Company/Submitting-Incorporation-Company.aspx,2026-09-25
Malaysia,SSM,Annual submission,https://www.ssm.com.my/Pages/Register_Business_Company_LLP/Company/Annual-Submission.aspx,2026-09-25
